,user,gender,province,time,text,mk,ks
0,2302077230.0,f,33,Thu Aug 11 16:32:05 +0800 2011,MKç­‰ä»–æ‰“åˆ°RMB2000ä»¥ä¸‹ä¹°å°±å€¼äº†[å·ç¬‘],1.0,0.0
1,2302077230.0,f,33,Thu Aug 11 16:32:05 +0800 2011,å›å¤@Arielle_K: MKå°±æ˜¯â€œå•Šæˆ‘å¥½å–œæ¬¢è¿™ä¸ªæ¬¾å¼å¯æƒœä¹°ä¸èµ·å»çœ‹çœ‹MKæœ‰æ²¡æœ‰åŒæ¬¾â€ï¼Œä¸è¿‡ç°åœ¨coachæ¢äº†è®¾è®¡å¸ˆä»¥åå¥½çœ‹å¾ˆå¤šï¼Œè´¨é‡ä¹Ÿä¸é”™ï¼Œæ‰“æŠ˜èµ·æ¥ä¹Ÿæ˜¯ä¸€æ ·ä¸è¦å‘½çš„æ¶åŠ¿,1.0,0.0
2,1728202521.0,f,61,Sat Apr 10 22:25:01 +0800 2010,@ç‹ç‚¹ç‚¹å°¼è« ç°ç»ˆäºå¼€MKäº†.....[éœ‡æƒŠ],1.0,0.0
3,1738272857.0,f,44,Thu May 06 11:27:39 +0800 2010,é¦™æ¸¯MKåœ¨å“ªå“¦ï¼Ÿè°¢è°¢ã€‚,1.0,0.0
4,3481576475.0,f,31,Mon May 20 17:36:41 +0800 2013,å®šäº†ä¸ªè¿™ä¸ªï¼Œmk flap æ­£çº¢è‰²å°é’±åŒ…ï¼Œå¯ä»¥æ”¾100RMBçš„å“¦ï½,1.0,0.0
5,1821623507.0,f,400,Sun Sep 19 21:05:41 +0800 2010,kate spadeçƒ­å¸¦é£ æ‰‹ææ‹–ç‰¹åŒ… juno WKRU2677 è¶…çº§æŠ˜æ‰£ ç¾å›½ http://t.cn/RyZKswt,0.0,1.0
6,1948436661.0,f,11,Thu Feb 03 10:27:28 +0800 2011,mkç²‰è‰²çš„å¤šå°‘é’±,1.0,0.0
7,5240261270.0,f,400,Mon Aug 04 00:56:02 +0800 2014,æ±‚kate sladeç»†èŠ‚å›¾,0.0,1.0
8,5211226121.0,f,400,Wed Jul 09 21:35:47 +0800 2014,@MichaelKors ä½œä¸ºè½»å¥¢ï¼ŒçœŸçš„æ€§ä»·æ¯”è¶…é«˜ã€‚,1.0,0.0
9,2956487763.0,f,50,Tue Oct 02 19:23:11 +0800 2012,å›å¤@SE-å¤§M:MK,1.0,0.0
10,1712452347.0,f,11,Tue Mar 16 20:41:41 +0800 2010,ä»Šå¤©å‚æ™šï¼Œé¦™æ¸¯é“œé”£æ¹¾ï¼Œä½ ä»¬å‡†å¤‡å¥½äº†å—ï¼ŸğŸ˜˜@é«˜åœ†åœ† @MichaelKors ,1.0,0.0
11,1661838191.0,f,21,Wed Nov 18 16:28:03 +0800 2009,MKçš„è£™å­éƒ½ä¸é€‚åˆå¤´å¤§çš„äºº,1.0,0.0
12,3172630955.0,f,400,Tue Dec 04 11:26:25 +0800 2012,MKçš„æ‰‹è…•åŒ…/é’±åŒ…æ·˜å®é“¾æ¥ï¼šhttp://t.cn/RyAjJH3 ï¼Œè¿™æ¬¾æ˜¯å¯ä»¥æ”¾ä¸‹è‹¹æœ6æ— å‹åŠ›çš„ã€‚,1.0,0.0
13,5589479961.0,m,400,Thu Apr 16 03:57:52 +0800 2015,å¤ªèµäº†ï¼Œé©¬ä¸Šç‚¹å‡»å‚ä¸å¾®åšæŠ½å¥–æ´»åŠ¨æœ‰æœºä¼šè·å¾—KSåŒ…åŒ…ï¼Œå¦å¤–æ»¡$70ç¾é‡‘è®¢å•å†éšæœºèµ é€ä»·å€¼$10ç¾é‡‘ç¤¼å“1ä»½ï¼Œé€å®Œä¸ºæ­¢ï¼Œæˆªæ­¢æ—¥æœŸ9æœˆ9æ—¥ï¼http://t.cn/RAqgfzh //@æ—¶å°šè¾£å¦ˆç”Ÿæ´»é¦†: ç¾å›½ç”µå•†å¤ªç»™åŠ›äº†ï¼Œèµ¶å¿«ç‚¹å‡»å‚åŠ å¾®åšæ´»åŠ¨#æŠ¢çº½çº¦æ—¶å°šåŒ…åŒ…Kate Spadeå…è´¹é¢†ç¾é‡‘è´­ç‰©åˆ¸#,0.0,1.0
14,1599820735.0,f,31,Sat Jun 19 19:02:39 +0800 2010,è¿™æ¬¾ksæ˜¯ä»€ä¹ˆå‹å·çš„ï¼Ÿ,0.0,1.0
15,1899533002.0,f,11,Fri Mar 18 13:21:28 +0800 2011,æƒ³è¦mkè¿™æ¬¾å°å·è¿™ä¸ªè‰² http://t.cn/Ry2Nw6a,1.0,0.0
16,1268865885.0,f,44,Fri Jul 02 15:49:05 +0800 2010,Rebeccaminkoffç­‰äº†å¥½ä¹…éƒ½æ²¡è§ï¼Œç„¶åé“¶å­ä¹Ÿè´¥å…‰åœ¨äº†ksã€coachã€nbä¸Š[ç¬‘cry]ï¼Œç»§ç»­ç­‰RM,0.0,1.0
17,1789358630.0,f,61,Tue Aug 10 12:40:59 +0800 2010,å›å¤@sauiråŒ—ç¾ä»£è´­:kate spade å°çš„è´å£³åŒ… äº²å‘çš„è¿™ä¸ª,0.0,1.0
18,1833738392.0,f,400,Tue Sep 28 21:08:45 +0800 2010,é“¾æ¥æ¥å’¯ï¼ï¼ï¼æ·˜å®å•†å“:æ¯›è±†ç¾å›½ä»£è´­ kate spade WKRU3402 åå­—çº¹ç‰›çš®ç¬‘è„¸åŒ… ä¸­å·/å°å· http://t.cn/Ry20bGW (ğŸ‘‰ğŸ‘‰ğŸ‘‰å¤åˆ¶æ•´æ®µä¿¡æ¯ï¼Œæ‰“å¼€æ‰‹æœºæ·˜å®å¯ç›´æ¥è®¿é—®ğŸ‘ˆğŸ‘ˆğŸ‘ˆ),0.0,1.0
19,2674373055.0,f,14,Fri Aug 24 13:58:17 +0800 2012,å›å¤@sauiråŒ—ç¾ä»£è´­:kateçš„è¿˜æœ‰é»‘è‰²å°è´å£³å—@sauiråŒ—ç¾ä»£è´­,0.0,1.0
20,3840043605.0,f,400,Wed Oct 09 19:01:19 +0800 2013,å›å¤@ä¸è¦éšä¾¿çœ‹æˆ‘å¾®åšæˆ‘ä¼šçƒ¦:sauirå®¶è´­ä¹°çš„katespadeå¤§çº¢é’±åŒ…çŸ­æ¬¾è½¬å–,0.0,1.0
21,2261229284.0,f,31,Fri Jul 22 13:32:30 +0800 2011,KSè¿‘å‡ å¹´å¾ˆç«å•Šï¼Œäººæ‰‹ä¸€ä¸ª@ç²‘ç²‘éº»éº»çš„çª @æ— åŒå°å°å® ,0.0,1.0
22,3563330740.0,m,31,Fri Jun 28 13:34:45 +0800 2013,@è¿˜æ²¡æƒ³å¥½å‘¢006 @è‰¾è‰¾Faye kate spade è¿™æ¬¾æ‰‹è¡¨ç›¸å½“ä¸é”™ï¼Œæœ€ä¸»è¦çš„è¡¨ç›˜éå¸¸åˆ«è‡´ï¼Œåˆ»åº¦çš„æ˜¯æ—¶é—´ï¼Œä¹Ÿæ˜¯æµå¹´ã€‚æ¥çœ‹çœ‹å•Š,0.0,1.0
23,3563330740.0,m,31,Fri Jun 28 13:34:45 +0800 2013,ä¸€é¢—å¿ƒæ‚¬åœ¨ä¸Šæ–¹ï¼Œé‚£æ˜¯æˆ‘æœ€å¥½çš„åˆ»åº¦ã€‚# Kate Spade æ°´æ™¶åˆ»åº¦å¥³è¡¨#@è‰¾è‰¾Faye @è¿˜æ²¡æƒ³å¥½å‘¢006,0.0,1.0
24,3563330740.0,m,31,Fri Jun 28 13:34:45 +0800 2013,ä¸€é¢—å¿ƒæ‚¬åœ¨ä¸Šæ–¹ï¼Œé‚£æ˜¯æˆ‘æœ€å¥½çš„åˆ»åº¦ã€‚å–œæ¬¢ä½ ã€‚# Kate Spade æ°´æ™¶åˆ»åº¦å¥³è¡¨#@è‰¾è‰¾Faye @è¿˜æ²¡æƒ³å¥½å‘¢006,0.0,1.0
25,5390926757.0,m,400,Thu Nov 27 21:43:19 +0800 2014,@ä¸‰è—å’Œå°æé¾™ @hiç‹å“æ• [å¥½å–œæ¬¢][å¥½å–œæ¬¢][å¥½å–œæ¬¢][å¥½å–œæ¬¢][å¥½å–œæ¬¢][å¥½å–œæ¬¢][å¥½å–œæ¬¢][å¥½å–œæ¬¢]ks,0.0,1.0
26,3172630955.0,f,400,Tue Dec 04 11:26:25 +0800 2012,MKç‰¹ä»·miniè€³æœµåŒ…ä¸åˆ°900rmbç›´é‚®ï¼Œä¸­å›½çº¢å’Œæ©˜è‰²æ‹ä¸‹è”ç³»åœ¨çº¿å®¢æœæ”¹ä»·æ ¼ï¼Œæ·˜å®é“¾æ¥ï¼šhttp://t.cn/RyLIwd3,1.0,0.0
27,3170751140.0,f,31,Sun Jan 27 15:47:58 +0800 2013,å›å¤@BABYå“ˆé²2011:æï¼Œç½®é¡¶é“¾æ¥æ‹ä»˜500+è¿ï¼ˆæµ™æ±Ÿæ²ª6ï¼Œå¤–10ï¼‰å¤‡æ³¨kså›¾ä¸€æ¬¾ã€‚,0.0,1.0
28,3170751140.0,f,31,Sun Jan 27 15:47:58 +0800 2013,å›å¤@BABYå“ˆé²2011:æï¼Œç½®é¡¶é“¾æ¥æ‹ä»˜300+è¿ï¼ˆæµ™æ±Ÿæ²ª6ï¼Œå¤–10ï¼‰å¤‡æ³¨ksç‰¹ä»·æ¬¾300,0.0,1.0
29,3170751140.0,f,31,Sun Jan 27 15:47:58 +0800 2013,å›å¤@æ´‹ç»†ç±³:æã€‚ï¼Œç½®é¡¶é“¾æ¥æ‹ä»˜300+è¿ï¼ˆæµ™æ±Ÿæ²ª6ï¼Œå¤–10ï¼‰å¤‡æ³¨ksç‰¹ä»·æ¬¾300,0.0,1.0
30,1737660967.0,f,44,Tue May 04 16:35:40 +0800 2010,è¯·é—®KSçš„é’¥åŒ™åŒ…å—ï¼Ÿæœ‰æŠ˜ä¸ŠæŠ˜å—ï¼Ÿ http://t.cn/RyLcywn,0.0,1.0
31,2548219860.0,f,32,Sun Nov 20 15:23:14 +0800 2011,ksçš„çŸ­æ¬¾é’±åŒ…ä¸ä¸Šå—ï¼Ÿ,0.0,1.0
32,5591501679.0,m,50,Sun Apr 19 20:52:30 +0800 2015,æƒ³è¦mké”å¤´mini så¦‚æœçœ‹åˆ°äº†å¸®æˆ‘ç•™æ„ä¸‹å“¦ï½è°¢è°¢,1.0,0.0
33,3170751140.0,f,31,Sun Jan 27 15:47:58 +0800 2013,å›å¤@mimièŒƒä¸€ä¸€:æ1ã€‚ï¼Œç½®é¡¶é“¾æ¥æ‹ä»˜300+è¿ï¼ˆæµ™æ±Ÿæ²ª6ï¼Œå¤–10ï¼‰å¤‡æ³¨ksç‰¹ä»·æ¬¾300,0.0,1.0
34,5042245425.0,f,400,Tue Feb 18 10:39:57 +0800 2014,é•¿æœŸä»£ks,0.0,1.0
35,3593805337.0,f,35,Sat Jul 06 21:27:56 +0800 2013,kate spadeä¸å·¾çš„ä»·ä½@ç©†ç†™å¦Crystal è°¢è°¢,0.0,1.0
36,1428883815.0,f,45,Wed Dec 02 21:20:48 +0800 2009,å›å¤@åˆ«æ ·BieYang:é‚£ä¸ªåŒ…åŒ…æ˜¯MMKçš„å—ï¼Ÿ,1.0,0.0
37,5578990119.0,f,400,Fri Apr 03 00:04:12 +0800 2015,å›å¤@è€ƒæ‹‰å°å¨˜å­:çœŸçš„å¾ˆæŠ±æ­‰ï¼Œæˆ‘ä¹Ÿå»ç¿»é˜…äº†ä¸‹ï¼Œå®åœ¨æ˜¯çœ‹ä¸å‡ºæ˜¯ä¸æ˜¯MKçš„ï¼Œè€ŒNORDSTROMå®˜ç½‘å›½å†…æ— æ³•è¿›å»æŸ¥çœ‹ï¼Œå›½å†…å¾®åšå®¢æœè¡¨ç¤ºæ— èƒ½ä¸ºåŠ›ï¼Œè¿˜è¯·æ‚¨é€šè¿‡APPå‘é€é‚®ä»¶è¿›è¡Œå’¨è¯¢ï¼Œç»™æ‚¨é€ æˆçš„ä¸ä¾¿æ·±è¡¨æ­‰æ„ï¼Œè¯·æ‚¨è°…è§£ï¼~,1.0,0.0
38,3172630955.0,f,400,Tue Dec 04 11:26:25 +0800 2012,MKçº¢è‰² æ·˜å®é“¾æ¥ï¼šhttp://t.cn/RyyMw9l,1.0,0.0
39,5333011608.0,f,400,Mon Nov 03 23:15:19 +0800 2014,#kate spade##ks#å®˜ç½‘æŠ˜ä¸ŠæŠ˜ï¼Œä»·æ ¼æ— æ•Œå¥½ï¼Œå¾ˆå¤šéƒ½æ²¡æœ‰äº†ï¼Œè¦çš„æŠ“ç´§ï¼Œå›½å†…8å·ä¸‹åˆ3ç‚¹ç»“æŸå“¦,0.0,1.0
40,5333011608.0,f,400,Mon Nov 03 23:15:19 +0800 2014,#kate spade##ks#å®˜ç½‘æŠ˜ä¸ŠæŠ˜ï¼Œä»·æ ¼æ— æ•Œå¥½ï¼Œå¾ˆå¤šéƒ½æ²¡æœ‰äº†ï¼Œè¦çš„æŠ“ç´§ï¼Œå›½å†…8å·ä¸‹åˆ3ç‚¹ç»“æŸå“¦,0.0,1.0
41,5333011608.0,f,400,Mon Nov 03 23:15:19 +0800 2014,#kate spade##ks#å®˜ç½‘æŠ˜ä¸ŠæŠ˜ï¼Œä»·æ ¼æ— æ•Œå¥½ï¼Œå¾ˆå¤šéƒ½æ²¡æœ‰äº†ï¼Œè¦çš„æŠ“ç´§ï¼Œå›½å†…8å·ä¸‹åˆ3ç‚¹ç»“æŸå“¦,0.0,1.0
42,3172630955.0,f,400,Tue Dec 04 11:26:25 +0800 2012,MKæ‰‹åŒ…çš„æ·˜å®é“¾æ¥ï¼šhttp://t.cn/Ryy6hCN æ‰‹åŒ…å¯ä»¥æ”¾ä¸‹iphone6plus,1.0,0.0
43,2977190683.0,f,400,Wed Oct 03 19:52:58 +0800 2012,KSå®¶æœ€ç«çš„åŒ…åŒ…ï¼Œæ²¡æœ‰ä¹‹ä¸€,0.0,1.0
44,1804582820.0,f,44,Wed Sep 01 12:04:21 +0800 2010,Michael Kors Jet Set Item tote ï¼Œå’ŒLV totallyåŒ…æ¬¾å¼ç›¸ä¼¼ï¼ŒMKçš„æ›´å¹´è½»æ›´å¥½æ­é…ï¼å…¨çœŸçš®åå­—çº¹ç‰›çš®ï¼Œæœ‰æ‹‰é“¾ï¼Chili çº¢è‰²å¤§ç‰¹ä»·ï¼Œç°ä»…1170å…ƒ+å›½å†…é¡ºä¸°è¿è´¹åˆ°ä»˜ï¼Œä»Šå¤©åœ¨ç°åœºè´­ä¹°ï¼Œæ‰€ä»¥æœ‰å•ç‹¬å°ç¥¨[çˆ±ä½ ][çˆ±ä½ ]é»‘è‰²åŠå…¶ä»–é¢œè‰²75æŠ˜ä»£è´­ç§ä¿¡è¯¢ä»·[å¿ƒ][å¿ƒ],1.0,0.0
45,1888199541.0,f,44,Fri Dec 10 16:12:31 +0800 2010,æŒç»­æ›´æ–° æ¬¢è¿å’¨è¯¢ @åŒ—ç¾Letsè´­ #kate spade#é…’çº¢è‰²é›¶é’±åŒ…+é•¿æ¬¾é’±åŒ… è€çœ‹çš„çº¢,0.0,1.0
46,1841228100.0,f,51,Mon Oct 04 13:29:32 +0800 2010,å¿«æ¥æ‰¾æˆ‘ä¹°KS![å˜»å˜»],0.0,1.0
47,1804582820.0,f,44,Wed Sep 01 12:04:21 +0800 2010,Michael Kors Cindy Medium Dome Satchel ï¼Œä¸­å·èƒŒå£³åŒ…ï¼ŒRaspberry è‰²ï¼›å¤§ç™½èœå†å²æœ€ä½ä»·ï¼›1228å…ƒ+å›½å†…é¡ºä¸°è¿è´¹åˆ°ä»˜ï¼›åªæŠ¢åˆ°1ä¸ªï¼Œæœ‰å°ç¥¨å“¦[å¿ƒ][å¿ƒ][å¿ƒ]è¶…çº§åˆ’ç®—[å¿ƒ][å¿ƒ][å¿ƒ],1.0,0.0
48,1804582820.0,f,44,Wed Sep 01 12:04:21 +0800 2010,Michael Kors Selma å°å·åå­—çº¹è€³æœµåŒ…åŒ…ï¼ŒæŠ¢åˆ°1ä¸ªå¤§ç™½èœä»·ï¼ŒPeanut èŠ±ç”Ÿè‰²ï¼›ç°åœ¨ä»…1099 å…ƒï¼Œå†+å›½å†…é¡ºä¸°è¿è´¹åˆ°ä»˜[å¿ƒ][å¿ƒ]æœ‰å°ç¥¨[å¿ƒ][å¿ƒ],1.0,0.0
49,2785648542.0,f,400,Sat Apr 28 13:10:40 +0800 2012,MKçš„ç²‰ä¸ä»¬ï¼Œè¯¥ä½ ä»¬å‡ºæ‰‹æ»´æ—¶å€™å•¦ï¼å¤§logoè¡¨ç›˜åŠ ç³ç‘è‰²è¡¨å¸¦ï¼Œç¾ç¾ç¾ï¼,1.0,0.0
50,1785568242.0,f,42,Tue Aug 03 01:32:30 +0800 2010,å›å¤@blessedme_y:æ·˜å®å•†å“:kate spadeå·¥å‚åº—-å¥³å¼æ—¶å°šåœ°å›¾å›¾æ¡ˆæ­£å“å›´å·¾æŠ«è‚©NEW YORK K0364S http://t.cn/RybKdJD (ğŸ‘‰ğŸ‘‰ğŸ‘‰å¤åˆ¶æ•´æ®µä¿¡æ¯ï¼Œæ‰“å¼€æ‰‹æœºæ·˜å®å¯ç›´æ¥è®¿é—®ğŸ‘ˆğŸ‘ˆğŸ‘ˆ) çœŸå‡ä¸çŸ¥ çœ‹ç€ä¸€æ¨¡ä¸€æ ·,0.0,1.0
51,2054870341.0,f,44,Wed Mar 30 10:48:33 +0800 2011,ç¾å›½çš„æ—¶å°šå“ç‰ŒMichael Korsä¸€ç›´ä»¥ç®€çº¦æ˜æœ—çš„è®¾è®¡é£æ ¼è€Œè‘—ç§°ï¼Œè®¾è®¡å¸ˆå°†ç¾å¼çš„å®ç”¨è®¾è®¡é£æ ¼ä¸æ¬§æ´²çš„ç»å…¸æ¬¾å¼èåˆï¼Œæ‰“é€ å‡ºä¼˜é›…éšæ€§ï¼Œæ—¶é«¦åä¸½çš„ç‹¬ç‰¹é­…åŠ›ã€‚,1.0,0.0
52,2841093403.0,m,11,Sat Jun 30 14:29:06 +0800 2012,#ç¾æ·˜#ã€6pmã€‘ ä»…5æŠ˜ï¼MICHAEL Michael Kors Jet Set Large Gathered Toteå¥³æ¬¾æ°´æ¡¶åŒ…~è´­ä¹°æˆ³http://t.cn/RybHcGb æµ·æ·˜ä¸èƒ½æ›´å‹å¥½,1.0,0.0
53,2785648542.0,f,400,Sat Apr 28 13:10:40 +0800 2012,è“è‰²è¡¨å¸¦ï¼Œé…ä¸ŠMKå®¶ç»å…¸çš„ä¸‰çœ¼è¡¨ç›˜ï¼Œç¾å¾—ä¸è¡Œå•¦ï¼,1.0,0.0
54,2249086677.0,f,11,Fri Jul 15 14:58:19 +0800 2011,kate spadeçš„åŒ…çœŸçš„æ€§ä»·æ¯”è›®é«˜çš„,0.0,1.0
55,5599734991.0,m,32,Fri May 01 13:35:16 +0800 2015,Kateçš„åŒ…ç»™ç‚¹å›¾ç‰‡ï¼Œæœ€å¥½ç®€å•ï¼Œå¤§æ–¹ï¼Œç»å…¸æ¬¾çš„,0.0,1.0
56,1825311567.0,f,51,Sat Oct 02 21:40:15 +0800 2010,mkæ¯æ¬¡éƒ½æ‹å¾—ç‰¹åˆ«åœŸè±ªé£ï¼Œä½†æ˜¯å¥½çœ‹[å¾®ç¬‘],1.0,0.0
57,5319321035.0,f,400,Mon Oct 06 16:02:37 +0800 2014,å›å¤@å¤§ç»†å®:MK LOGOå¸†å¸ƒæ‹‰é“¾ä¸¤ç”¨åŒ… http://t.cn/RybZSYa,1.0,0.0
58,5319321035.0,f,400,Mon Oct 06 16:02:37 +0800 2014,å›å¤@å¥½æƒ³å»æ—…è¡Œçš„:MK LOGOå¸†å¸ƒæ‹‰é“¾ä¸¤ç”¨åŒ… http://t.cn/RybZSYa,1.0,0.0
59,1813348442.0,m,44,Tue Jan 25 20:09:14 +0800 2011,æœ‰éœ€è¦ MM//@åŒ—ç¾æ‰¾ä¸¢ç½‘: MK Parkerç³»åˆ—é‡Œæ¸…æ–°è„±ä¿—çš„å¥¹~~å®ç‰©æ›´å¥½çœ‹å“¦ï¼,1.0,0.0
60,2773984333.0,m,44,Tue Mar 11 07:06:31 +0800 2014,KSé£æ ¼çœŸçš„å¥½å°‘å¥³å•Š,0.0,1.0
61,2784086060.0,f,100,Sat Jun 09 13:49:26 +0800 2012,@Ddä¸æ˜¯ä¸ªå¥½äºº ksæ–°ä¸€å­£[è‰²][è‰²][è‰²],0.0,1.0
62,1804582820.0,f,44,Wed Sep 01 12:04:21 +0800 2010,"Michael Kors , Coach ç™¾è´§å…¬å¸75æŠ˜æ´»åŠ¨9æœˆ15å·æˆªæ­¢æ¥å•[åƒæƒŠ][åƒæƒŠ][åƒæƒŠ]æŠ“ç´§æ—¶é—´ï¼æ‰€æœ‰MKéƒ½æœ‰æŠ˜æ‰£ï¼",1.0,0.0
63,3217535201.0,f,400,Thu Jan 10 18:57:40 +0800 2013,#michael kors# avaå°å· 1650å…ƒï¼Œmini è±æ ¼ 1155å…ƒï¼Œmini çº¯è‰²1075å…ƒã€‚å› ä¸ºé“¾æ¥ä»·å·®è¿‡å¤§æ— æ³•æäº¤ï¼Œæ‰€ä»¥miniå·éƒ½éœ€è¦æ‹ä¸‹æ”¹ä»·ä»˜æ¬¾å“ˆã€‚ é“¾æ¥ä¼ é€ï¼šhttp://t.cn/RyGBwZy,1.0,0.0
64,1430248524.0,f,35,Wed Mar 09 09:48:52 +0800 2011,æœ‰mkçš„é’±åŒ…æ‰“æŠ˜çš„ä¹ˆï¼Ÿæƒ³ä¹°ä¸€æ¬¾é’±åŒ…çš„è¯´~,1.0,0.0
65,3217535201.0,f,400,Thu Jan 10 18:57:40 +0800 2013,å›å¤@è¡ç­±éœœ:mké’±åŒ…æœ‰ä¸€éƒ¨åˆ†å›½å†…æŠ˜æ‰£ç°è´§çš„å“¦,1.0,0.0
66,3172630955.0,f,400,Tue Dec 04 11:26:25 +0800 2012,MKæ³¢å£«é¡¿æ·˜å®é“¾æ¥ï¼šhttp://t.cn/RyGg8Da,1.0,0.0
67,3217535201.0,f,400,Thu Jan 10 18:57:40 +0800 2013,å›å¤@7777777-Anå®‰: äº²ï¼Œæ²™æ£•è‰²1262å…ƒï¼Œå…¶ä»–ä»·æ ¼é“¾æ¥ä¸ºå‡†å“¦ã€sauiråŒ—ç¾ä»£è´­ã€‘ç¾å›½åŒ…ç¨ç›´é‚®~Michael Kors Cynthia æˆ´å¦ƒåŒ… æˆ³é“¾æ¥å•¦ http://t.cn/RyGe72m,1.0,0.0
68,3185856921.0,f,100,Wed Dec 12 20:49:12 +0800 2012,S[å¯æ€œ]è¯·é—®åˆšèƒŒäº†ä¸‰æ¬¡MKé”å¤´å°±ç”Ÿé”ˆäº†æ­£å¸¸å—ï¼Ÿä»candyç¾å›½ä»£è´­ä¹°çš„[å¯æ€œ]é—®å¥¹ä¹Ÿä¸å›å¤æˆ‘ï¼Œè¯„è®ºä¹Ÿè¢«ç§’åˆ [å¯æ€œ],1.0,0.0
69,3217535201.0,f,400,Thu Jan 10 18:57:40 +0800 2013,å›å¤@Sç–¯ä¸å•¦å•¦:æ·˜å®å•†å“:ã€sauiråŒ—ç¾ä»£è´­ã€‘ç¾å›½åŒ…ç¨ç›´é‚® Michael Kors dillonå°å·ä¸¤ç”¨åŒ… http://t.cn/RyGk64M (ğŸ‘‰ğŸ‘‰ğŸ‘‰å¤åˆ¶æ•´æ®µä¿¡æ¯ï¼Œæ‰“å¼€æ‰‹æœºæ·˜å®å¯ç›´æ¥è®¿é—®ğŸ‘ˆğŸ‘ˆğŸ‘ˆ),1.0,0.0
70,3217535201.0,f,400,Thu Jan 10 18:57:40 +0800 2013,å›å¤@æ£‹æ¢“2010:æ·˜å®å•†å“:ã€sauiråŒ—ç¾ä»£è´­ã€‘ç¾å›½åŒ…ç¨ç›´é‚® Michael Kors dillonå°å·ä¸¤ç”¨åŒ… http://t.cn/RyGk64M (ğŸ‘‰ğŸ‘‰ğŸ‘‰å¤åˆ¶æ•´æ®µä¿¡æ¯ï¼Œæ‰“å¼€æ‰‹æœºæ·˜å®å¯ç›´æ¥è®¿é—®ğŸ‘ˆğŸ‘ˆğŸ‘ˆ),1.0,0.0
71,1307379780.0,m,21,Wed Oct 13 21:48:35 +0800 2010,Givenchyï¼ŒJason Wuï¼ŒKate Spade[é¼“æŒ][é¼“æŒ][é¼“æŒ][æ‹ç…§],0.0,1.0
72,1867018603.0,f,35,Fri Nov 19 09:42:13 +0800 2010,å›å¤@KSHçš„å®‰å®‰:è¿˜æ‰“äº”æŠ˜[å“ˆå“ˆ],0.0,1.0
73,2692806531.0,m,51,Tue Apr 03 13:49:32 +0800 2012,michael korså…¶å®ç®—ç¬¬å…­å®¶äº†...ä¸‡è±¡åŸä¹‹å‰ä¹Ÿå›´æŒ¡äº†ä¸€å®¶..ä¼°è®¡ä¹å¤©è¿™å®¶ä¼šå…ˆå¼€,1.0,0.0
74,1782521753.0,f,400,Fri Jul 23 14:42:55 +0800 2010,ä½ å¿˜äº†MK[å“ˆå“ˆ][å“ˆå“ˆ],1.0,0.0
75,1776820767.0,f,21,Fri Jul 16 17:22:19 +0800 2010,mkå›§åŒ…ä½ å®¶æœ‰å—,1.0,0.0
76,1766259152.0,f,44,Fri Jun 25 12:04:29 +0800 2010,æœ€è¿‘mké”å¤´ä¸­å·ä»€ä¹ˆä»·é’±å•Šï¼Ÿ,1.0,0.0
77,1804582820.0,f,44,Wed Sep 01 12:04:21 +0800 2010,Michael Kors Selma Stud å¤§ç™½èœä»·æ ¼ä¸­å·è€³æœµåŒ…é’‰é’‰æ¬¾Chili è‰²ï¼ŒåŸä»·328ç¾å…ƒï¼Œç°åœ¨1599å…ƒï¼ŒåŒ…å›½é™…é‚®è´¹ï¼Œå†ç”±é¡ºä¸°åˆ°ä»˜ï¼Œæœ‰åç‰Œç™¾è´§å…¬å¸çš„å°ç¥¨ï¼Œåªæœ‰1ä¸ªç°è´§ğŸ˜ğŸ˜,1.0,0.0
78,5601612155.0,f,400,Tue May 05 10:27:40 +0800 2015,å‡ºä¸ªç™½èœä»·çš„mkå“¦ http://t.cn/Ry5s54R,1.0,0.0
79,5629973942.0,f,51,Sat Jun 13 22:09:02 +0800 2015,å›å¤@ç¾¡æ…•å¿™ç¢Œçš„çŒ«:è€å…”è™½ç„¶ä»¥å‰ç»™MKèµ°è¿‡ç§€ä½†æ˜¯æ„Ÿè§‰å’Œä»–ä¸€ç›´æ²¡å¤šå¤§äº¤é›†ï¼Œè®¾è®¡å¸ˆä¹Ÿè°ˆä¸ä¸Šå–œæ¬¢å¥¹ï¼Œå…”å©Šæœ¬äººçš„é£æ ¼å’ŒMKä¹Ÿä¸æ€ä¹ˆæ­ï¼Œå±…ç„¶è«åå…¶å¦™æä¸ªå¼€åœºã€‚,1.0,0.0
80,2949063853.0,m,100,Sat Sep 15 22:44:34 +0800 2012,è¿™æ˜¯è¦æ¥ç­karmenä¹ˆ mkæ„Ÿè§‰ç»¼åˆclub monacoçš„åŸå¸‚ä¼‘é—²åŠ free peopleçš„é˜³å…‰æ…µæ‡’ å…”å­éƒ½å¾ˆokæ’’ã€ã€ã€ã€æˆ‘æ˜¯äººè®¾è„‘æ®‹ç²‰[å‘µå‘µ],1.0,0.0
81,1790786643.0,m,61,Mon Aug 09 19:01:14 +0800 2010,å›å¤@josé¢:karmenä»£è¨€äººçš„ä½ç½®åº”è¯¥è¿‘å‡ å¹´æ— äººèƒ½å–ä»£å§ï¼å¥¹ä¸€ç›´æ˜¯michaelçš„æœ€çˆ±ï¼å°±æ˜¯å…¶ä»–ä¸€äº›é‹å­ ä¹‹ç±»çš„ç³»åˆ—è¢«å…¶ä»–äººä»£è¨€ï¼Œä½†æ˜¯åªæ˜¯ä»…ä»…é‚£ä¹ˆä¸€å­£ï¼Œkarmenä»£è¨€äººçš„ä½ç½®è¿˜æ˜¯ç¨³åå•Šï¼å“ˆå“ˆå“ˆ,1.0,0.0
82,2213089624.0,f,100,Sun Jul 03 22:16:57 +0800 2011,æœ€çˆ±çš„ä¸€åœºMKï¼Œé‚£æ—¶çš„ä¹¦åŒ…å‘é‡ä¹Ÿè¿˜ä¸°ç›ˆ,1.0,0.0
83,1908167737.0,f,51,Fri Dec 31 22:04:25 +0800 2010,å›å¤@é›ªErichsen:ä¹Ÿæ˜¯æˆ‘æœ€çˆ±çš„MKä¹‹ä¸€ï¼Œè¿˜æœ‰ä¸€åœºæ˜¯SS 2015ï¼Œå…¶å®ä¹¦åŒ…å¯ä»¥è€ƒè™‘å»æ¤ä¸ªå‘ä»€ä¹ˆçš„â€¦â€¦,1.0,0.0
84,5244006491.0,f,44,Thu Aug 07 21:03:12 +0800 2014,ç¾å¥³ä»¬äº†è§£ä¸€ä¸‹mkï¼Œä½ å®šä¼šçˆ±ä¸Šå¥¹[äº²äº²][äº²äº²],1.0,0.0
85,1867452570.0,f,31,Wed Nov 03 14:14:35 +0800 2010,å“ˆå“ˆå“ˆå“ˆå“ˆå“ˆ å¥¹è·ŸmkçœŸçš„ä¸æ­ï¼Œåˆšåˆšåˆ·å…¶ä»–poä¸»çš„å°å›¾æˆ‘è¿˜ä»¥ä¸ºæˆ‘çœ‹é”™äººäº†,1.0,0.0
86,1790786643.0,m,61,Mon Aug 09 19:01:14 +0800 2010,å›å¤@æ—¶è£…å¤§ç‰‡æ”¶è—é¦†:åªæ˜¯é«˜ç«¯ç³»åˆ—æ˜¯å¦–å©†ä»£è¨€ï¼Œmmkè¿˜æ˜¯karmenï¼Œè¿™ä¸€å­£åç­‰å§ï¼karmenè‹¥æ¢æ‰mkå°±ã€‚ã€‚å‘µå‘µäº†ï¼,1.0,0.0
87,2039648863.0,f,400,Tue Mar 22 19:39:08 +0800 2011,MKè¿™æ¬¡çœŸçš„å°‘äº†ç‚¹æŠ„è¢­çš„ç—•è¿¹,1.0,0.0
88,3213785032.0,f,11,Tue Mar 05 13:46:45 +0800 2013,ä»æ²¡é‚£ä¹ˆå–œæ¬¢mk,1.0,0.0
89,2669370973.0,f,100,Sat Mar 17 22:11:33 +0800 2012,mk,1.0,0.0
90,5016125737.0,m,11,Tue Jan 28 20:25:30 +0800 2014,MKï¼Ÿ,1.0,0.0
91,2742203455.0,f,42,Sun Apr 29 16:51:00 +0800 2012,æ—©äº›ç¦»å¼€äº†MKï¼ˆä¸€ä¸ªå¥¢ä¾ˆå“ç‰Œï¼‰ä»Šå¤©çš„ç§€åœº nyfwï¼ˆnew york fashion weekï¼‰çº½çº¦æ—¶è£…å‘¨,1.0,0.0
92,1795214710.0,m,400,Thu Aug 19 20:10:07 +0800 2010,mk  has a good taste,1.0,0.0
93,1689323694.0,f,100,Sun Dec 05 11:29:39 +0800 2010,I love Michael kors,1.0,0.0
94,2155882842.0,f,33,Tue Apr 10 22:36:13 +0800 2012,ç¿»è¯‘ï¼šä»Šå¤©æ—©äº›æ—¶å€™ç¦»å¼€Michael Korsç§€ã€‚NYFW æ˜¯æŒ‡New York fashion weekçº½çº¦æ—¶è£…å‘¨ï¼ˆå­©å­ä»¬è¦å¥½å¥½å­¦ä¹ å•Šï¼‰,1.0,0.0
95,1922641874.0,f,53,Thu Jan 20 11:14:42 +0800 2011,çœŸæ˜¯æœ‰å¤Ÿå¸…ï¼Œæˆ‘ä¹Ÿå–œæ¬¢MK,1.0,0.0
96,2414116024.0,f,61,Wed Sep 21 14:41:36 +0800 2011,looks like a 90's rock band.[å™¢è€¶]hv a nice dayï½@Luckybluesmith,0.0,1.0
97,1824499527.0,m,11,Thu Sep 30 16:08:05 +0800 2010,mkå°±ä¸€å¤§æŠ„ï¼,1.0,0.0
98,1630695437.0,f,44,Tue Apr 19 22:55:26 +0800 2011,Michael Kors Collection16 SS ç§€åœºç»†èŠ‚,1.0,0.0
99,2155882842.0,f,33,Tue Apr 10 22:36:13 +0800 2012,ç¿»è¯‘ï¼šä»Šå¤©æ—©äº›æ—¶å€™å’Œä¸€èµ·èµ°ç§€çš„äººåœ¨Michael Korsåå°,1.0,0.0
100,3034341541.0,f,43,Wed Jan 02 08:01:20 +0800 2013,"è“è“ï¼Œä½ çœ‹èµ·æ¥å¥½åƒæµ·ç»µå®å®ã€‚boy,you looks like SpongeBob in this picture, and i love spongebob[å¥½çˆ±å“¦] http://t.cn/RyIe8IK",0.0,1.0
101,2669385703.0,f,65,Sat Mar 17 22:17:54 +0800 2012,æˆ‘çˆ±çš„kate spade,0.0,1.0
102,3626211660.0,f,71,Wed Jul 31 22:24:42 +0800 2013,"what attracts me is not only your beauty,but your drum....and your thought.do what you want,do not care about other people s words....thanks a lot.  ...good night...Lucky blue.[å¿ƒ]",0.0,1.0
103,1750172502.0,f,400,Thu Jun 03 07:35:24 +0800 2010,Kate Spade Maise ç»å…¸å•è‚©åŒ… Bright Orange http://t.cn/RyJwb4P,0.0,1.0
104,1817637243.0,f,400,Fri Sep 10 21:41:04 +0800 2010,å›å¤@å´ä¸€Winnie:Kate spade final sale å¯ä»£å™¢ ä½ä»· è§å¾®åšç¬¬ä¸€æ¡ã€‚,0.0,1.0
105,1817637243.0,f,400,Fri Sep 10 21:41:04 +0800 2010,å›å¤@å§å›§æœ‰é’±åˆä¿Šç§€:Kate spade final saleè¶…ä½ä»· å¯ä»£å™¢ è§å¾®åšç¬¬ä¸€æ¡,0.0,1.0
106,2479140331.0,f,400,Sun Nov 20 14:56:49 +0800 2011,å›å¤@æˆ‘è¯¥å–ä»€ä¹ˆæ˜µç§°æ‰è¶³å¤Ÿéœ¸æ°”:kate spadeå®˜ç½‘,0.0,1.0
107,2011081637.0,f,31,Mon Mar 07 12:49:32 +0800 2011,mkæ˜¯ä¸æ˜¯æŠ˜æ‰£åˆæœ‰äº†å•Šã€‚,1.0,0.0
108,5235328382.0,m,43,Tue Jul 29 02:24:51 +0800 2014,å›å¤@marksonbam:å­¦å¥½è‹±è¯­ å«ç»™lucky[doge][doge][doge][doge][doge][doge],0.0,1.0
109,1067235082.0,f,33,Mon Jan 17 20:48:58 +0800 2011,ä½ å¥½ï¼Œè¯·é—®æ˜¯kså®˜ç½‘å—ï¼Œæˆ‘æƒ³é€‰ä¸‹æ¬¾å¼æ‰¾ä½ ä»£è´­,0.0,1.0
110,2479140331.0,f,400,Sun Nov 20 14:56:49 +0800 2011,å›å¤@dolldolldodo:kså®˜ç½‘ä¹Ÿæœ‰ï¼Œç„¶åæœ‰å¦å¤–ä¸€ä¸ªksæŠ˜æ‰£çš„ç½‘å€ï¼Œgoogle kate spade saleåº”è¯¥å¯ä»¥,0.0,1.0
111,2949063853.0,m,100,Sat Sep 15 22:44:34 +0800 2012,æƒ³çŸ¥é“mkå¹¿å‘Šé‡Œçš„é‚£ç§ä¸€ç‰‡æ è¿‡çš„å…‰å½±æˆ–è€…èŠ±å½±çš„æ•ˆæœæ˜¯æ€ä¹ˆåšå‡ºæ¥çš„ï¼Œå¥½åƒæœ‰ä¸ªè½¯ä»¶å¯ä»¥åšï¼Œæ±‚ç§‘æ™®,1.0,0.0
112,3856901689.0,m,23,Fri Apr 04 10:08:21 +0800 2014,å›å¤@__é­å¤ªå¤ª__:MKé—¨åº—è£…ä¿®ä¸­ï¼Œå³å°†å¯å¹•ï¼COACHå·²äº9æœˆ18æ—¥ç››å¤§å¯å¹•ï¼ŒæœŸå¾…æ‚¨çš„åˆ°æ¥ï¼,1.0,0.0
113,2574546890.0,f,400,Wed Nov 30 20:07:28 +0800 2011,Michael kors å•è‚©åŒ… ï¼Œæ— æ‹‰é“¾æœ‰å¸æ‰£ï¼Œè¿™ä¸¤è‰²ç‰¹ä»· Â¥890ç›´é‚®ï¼ http://t.cn/RyK6rDc,1.0,0.0
114,2574546890.0,f,400,Wed Nov 30 20:07:28 +0800 2011,"Michael kors ä¸“æŸœæ­£ä»·åº—æ¬¾ å˜å½¢åŒ… æŠ˜ä¸ŠæŠ˜ å°å·Â¥1690, ä¸­å· Â¥2050ï¼Œhttp://t.cn/RLfTS9v",1.0,0.0
115,5319321035.0,f,400,Mon Oct 06 16:02:37 +0800 2014,å›å¤@å—æŸ¯ä¸€æ¢¦9531:MkMKè¶…æŸ”è½¯å…”æ¯›è€³ç½©http://t.cn/Ryi25Ye,1.0,0.0
116,3625051850.0,f,100,Mon Jul 29 17:49:31 +0800 2013,å›å¤@æˆ‘å¾ˆZhouå…‹æ°:å› ä¸ºlilyæ˜¯mkçš„ä»£è¨€äºº,1.0,0.0
117,2043044672.0,f,400,Mon Mar 28 05:14:06 +0800 2011,Kate SpadeæŠŠç¾å›½High Street Fashion å‘æ‰¬çš„ ç”œç¾åŠ¨äºº å…‰å½©ç† ç† ï½ è´è¶ç»“å˜æˆäº†ç¾å¼é’æ˜¥ï¼,0.0,1.0
118,1778529250.0,f,31,Fri Jul 06 09:54:59 +0800 2012,æ—¥äº†ç‹—äº† mkä»€ä¹ˆæ—¶å€™å‡ºæœˆé¥¼äº†ï¼Ÿï¼Ÿï¼Ÿ,1.0,0.0
119,1931827690.0,f,42,Fri Feb 04 07:38:03 +0800 2011,æˆ‘çš„å¦ˆå‘€æˆ‘çš„å¦ˆå‘€æˆ‘çš„å¦ˆå‘€ï¼è™½ç„¶ç§è‰çš„æ˜¯kså®¶çš„åŒ…åŒ…ä½†æ˜¯å±…ï¼ç„¶ï¼å‡ºï¼å°ï¼ç‹ï¼ç‹¸ï¼æˆ’ï¼æŒ‡ï¼åˆšåˆšæ‰æ·˜å®äº†ä½†æ˜¯éƒ½å¥½åƒè—•ç„¶åå°±è¢«æˆ‘çœ‹è§äº†è¿™ä¸ªï¼#ç„¶è€Œå¹¶æ²¡æœ‰ä»€ä¹ˆåµç”¨ï¼ŒåƒåœŸå°‘å¥³æˆ‘å¹¶ä¹°ä¸èµ·ğŸ˜€# ,0.0,1.0
120,3814649153.0,f,31,Thu Sep 26 20:52:26 +0800 2013,å›å¤@æ¸¯å¸å¨˜å­__æ¯”è°éƒ½çˆ±ç«ç«ç”·ç¥W:å•Šï¼Ÿä½ ä¹°è¿‡ksè¿™ä¸ªæ¬¾å“’ï¼Ÿä¸€åƒå¤šï¼Ÿä½ å›½å†…ä¹°çš„ï¼Ÿ,0.0,1.0
121,3516646437.0,f,11,Thu Jun 06 12:29:00 +0800 2013,Michael Kors é«˜å¸®åšåº•ä¼‘é—²é‹ åŸå•æ­£å“å®˜ç½‘åŒæ­¥å‡ºå”®æœ€æ–°æ¬¾ ç®€å•å¤§æ°”ç«çˆ†æ¬¾ ç§‹å†¬ç™¾æ­å°é«˜å¸®çŸ­é´ é¢æ–™é‡‡ç”¨è¿›å£é¾Ÿè£‚è›‡çº¹ç‰›çš®ï¼ˆé»‘è‰²ä¸ºå…‰é¢å°ç‰›çš®ï¼‰ å†…é‡ŒçŒªçš® é˜²æ»‘.è€ç£¨æ©¡èƒ¶å¤§åº• äºŒè‰²å¯é€‰,1.0,0.0
122,5528685865.0,f,13,Thu Feb 19 14:04:33 +0800 2015,you looks really handsome when you are not smilling.,0.0,1.0
123,1790786643.0,m,61,Mon Aug 09 19:01:14 +0800 2010,karmenå¤ªç¾ï¼Œå®Œå…¨æ˜¯mkçš„muse,1.0,0.0
124,1790786643.0,m,61,Mon Aug 09 19:01:14 +0800 2010,å›å¤@å‘å‘†åŠå¤©:2015åœ£è¯ç³»åˆ—ï¼Œä¹Ÿå¯ä»¥è¯´æ˜¯mkçš„å†¬å­£å¹¿å‘Šï¼mkæ‚å¿—ä¸€å¹´åˆ†ä¸ºå››å­£ï¼,1.0,0.0
125,5629973942.0,f,51,Sat Jun 13 22:09:02 +0800 2015,å›å¤@æ„šæ°‘é¬¼å±‹:å…¶å®ä¹Ÿè¿˜å¥½ï¼ŒMKæ˜¯è½»å¥¢åï¼Œå®šä½ä¸ä¸Šä¸ä¸‹æ¯”è¾ƒä¸­ç«¯ï¼Œå¹³å¸¸äººæ”’ç‚¹é’±ä¹Ÿèƒ½ä¹°ä¸€ä¹°é‚£ç§ï¼Œè¯·å±Œä¸è¶…æ¨¡ä»£è¨€ä¹Ÿä¸é”™,1.0,0.0
126,1720800593.0,m,33,Sun Mar 28 22:28:22 +0800 2010,äººé€‰å¤§å˜åŠ¨ ä¸Šä¸€å­£pokyæ‹¿ä¸‹ä¸»çº¿ è¿™æ¬¡èå…”æ‹¿ä¸‹æ—©æ˜¥ ç°åœ¨ä¸æ˜¯å¡é—¨ä¸€ä¸ªäººçš„'mkäº†,1.0,0.0
127,5263499466.0,m,400,Sat Aug 23 00:02:51 +0800 2014,çœŸå·§ æ˜¨å¤©åˆšä¹°äº†ä¸ªMKçš„åŒ…[å·ç¬‘],1.0,0.0
128,2759010230.0,m,50,Tue Apr 17 20:37:53 +0800 2012,ç½—æœ¬ç»™æœ¬å«‚ä¹°MK!,1.0,0.0
129,2677880992.0,f,400,Sat Jan 21 21:55:58 +0800 2012,æœ¬å«‚å±…ç„¶ç”¨MKåŒ…åŒ…[å“ˆå“ˆ]å¥½èŠ‚çº¦ï½[çˆ±ä½ ]ä¹ˆä¹ˆå“’,1.0,0.0
130,1767406065.0,m,400,Sat Jul 03 22:05:13 +0800 2010,æœ¬æœ¬é‚£ä¹ˆæœ‰é’±æœ¬å«‚è¿˜åªç”¨mkï¼Ÿæœ¬æœ¬å¥½ç¦æ°”å•Š,1.0,0.0
131,1276255255.0,f,45,Fri Oct 29 06:45:44 +0800 2010,æˆ‘ä¹Ÿçˆ±MK,1.0,0.0
132,1279169074.0,f,100,Tue Dec 29 16:56:30 +0800 2009,michael korä¸ç­‰äºmichael michael korsï½,1.0,0.0
133,5528214570.0,f,100,Thu Feb 19 15:06:02 +0800 2015,å›å¤@TAIME:åŸåšä¹Ÿæ²¡è¯´é”™æ˜¯mkå•Š[ç–‘é—®],1.0,0.0
134,5528214570.0,f,100,Thu Feb 19 15:06:02 +0800 2015,å›å¤@TAIME:å°±æƒ³é—®ä½ æ€ä¹ˆçªç„¶æƒ³åˆ°è¯´ä»–æ˜¯ä¹°çš„mmkæˆ–è€…mkï¼Œç®—äº†ï¼Œä¸è¿‡ä¸é‡è¦,1.0,0.0
135,5622385005.0,f,31,Mon Jun 01 18:38:22 +0800 2015,katespadeçš„åšå·¥[æ‹œæ‹œ][æ‹œæ‹œ][æ‹œæ‹œ]æˆ‘æœ‰ä¸ªæ¡”è‰²çš„ï¼Œæ²¡ç”¨å‡ ä¸ªæœˆè„±çº¿äº†,0.0,1.0
136,5193155900.0,f,81,Thu Jun 26 11:11:07 +0800 2014,kateçš„é‚£å€‹å¥½æ‰å–”ğŸ˜‚æˆ‘è£å¾ˆå¤šæ±è¥¿ä¸å°±é¼“èµ·ä¾†äº†[å“ˆå“ˆ][å“ˆå“ˆ],0.0,1.0
137,1811061014.0,f,31,Sat Sep 11 20:57:21 +0800 2010,å›å¤@JanetMolin:æˆ‘kete spadeæœ‰2ï¼Œ3ä¸ªåŒ…ï¼Œæœ‰ä¸ªç«çº¢è‰²èƒŒäº†3å¹´äº†å§è¿˜å¥½å¥½çš„å‘¢,0.0,1.0
138,1178751060.0,f,400,Thu May 05 19:22:51 +0800 2011,æˆ‘ä¹°äº†è¿™æ¬¾Kate spadeï¼æ‰“æŠ˜çš„æ—¶å€™ä¹°çš„ï¼700å¤šäººæ°‘å¸é…’çº¢è‰²çš„æ„Ÿè§‰è¶…çº§å¥½çœ‹ï¼,0.0,1.0
139,2111265882.0,f,400,Thu Nov 14 16:32:15 +0800 2013,å›å¤@é¹¿é¹¿ä»Šå¹´è¦æŒ–å¾ˆå¤šé“çš®2333:ä»£kate spade ç°åœ¨å®˜ç½‘75æŠ˜[å…”å­][æ¥],0.0,1.0
140,3642039002.0,m,400,Sat Jul 20 01:07:01 +0800 2013,kate spadeæœ€ä½³åˆåœ¨æ‰“æŠ˜ å‰ä¸€é˜µå››æŠ˜è¿˜æ˜¯å¤šå°‘æˆ‘ä¹°äº†ä¿©åŒ… æœ€è¿‘ä¸ƒç‚¹äº”æŠ˜ å¤§å®¶å¿«å»æŠ¢å•Š,0.0,1.0
141,5057494857.0,f,100,Wed Mar 05 09:32:17 +0800 2014,ç°åœ¨Kate Spadeæ´»åŠ¨ä»·4æŠ˜ä¼˜æƒ ååªè¦RMB1200åŒ…é‚®åŒ…ç¨ï¼,0.0,1.0
142,5691898795.0,f,12,Sat Sep 19 19:43:13 +0800 2015,æƒ³ä¹°kate spadeé’±åŒ…ï¼Œå¯æƒœå¤©æ´¥å¸‚é‡Œçš„åº—é“ºç«Ÿç„¶æ’¤æŸœäº†ã€‚æ‚²å‚¬[æ³ª][æ³ª][æ³ª],0.0,1.0
143,5656573576.0,f,82,Sun Jul 19 15:41:42 +0800 2015,ä¸ŠåŠå¹´ä¹°çš„ksè¿™æ¬¾é»‘è‰² çœŸçš„å„ç§ç™½æ­å¥½èƒŒè¿˜æ¯”è¾ƒèƒ½è£…[ç¾å—’å—’]å‡†å¤‡ä¸‹åŠå¹´å…¥furla[å™¢è€¶][ç”©ç”©æ‰‹][ç”©ç”©æ‰‹],0.0,1.0
144,2433262460.0,f,400,Fri Sep 30 10:35:28 +0800 2011,å›å¤@é‚‹é¢äºŒå¦: å“ˆå“ˆï¼Œé‚£theory sakså€’æ˜¯å‚åŠ çš„ã€‚ä¸è¿‡è¿˜æ˜¯å…ˆçœ‹çœ‹çƒ§åŒ…å§ï¼Œå…é‚®å‘¢ http://t.cn/Ryu91TD,0.0,1.0
145,2134365275.0,f,41,Sat May 14 15:22:48 +0800 2011,å›å¤@ç¾å›½ç½‘è´­æŒ‡å—:shSçƒ§åŒ…theoryå±…ç„¶ä¸æ‰“æŠ˜ï¼ŒSsaksåˆä¸å…é‚®ï¼Œä¸å¤ªç»™åŠ›5555,0.0,1.0
146,2014603151.0,f,100,Sun Jul 31 23:53:10 +0800 2011,å»å¹´ä¸“æŸœæ‰“æŠ˜å4500ã€‚èƒŒä¸åˆ°ä¸‰æ¬¡ã€‚ã€‚ã€‚ã€‚mkä¼šä¼šè¿‡æ—¶........,1.0,0.0
147,1839374840.0,f,42,Thu Jan 06 23:54:59 +0800 2011,@è‚‰æ»šå­å¤§å¶å•Š  ä½ çœ‹è¦ä¸è¦ä¹°ä¸ªmkå…ˆç”¨ç€,1.0,0.0
148,2599381422.0,m,42,Sat Dec 10 10:59:20 +0800 2011,å›å¤@ç¥å•ƒå•ƒ-O-:æˆ‘åœ¨ä½ ç»™æˆ‘å‘çš„é‚£ä¸ªä»£è´­é‚£é‡Œä¹°äº†ks,0.0,1.0
149,3232116644.0,f,33,Thu Mar 21 17:47:06 +0800 2013,å›å¤@Drunk_Pillow:ä½ å¥½å“ªä¸ªé¢œè‰²å‘¢ï¼Ÿè®¢å•æˆªå›¾æœå¾®åšè¾“å…¥ksæˆ–è€…katespadeå°±å¯ä»¥,0.0,1.0
150,2134365275.0,f,41,Sat May 14 15:22:48 +0800 2011,å›å¤@ç¾å›½ç½‘è´­æŒ‡å—:http://www.saksfifthavenue.com/main/ProductDetail.jsp?FOLDER%3C%3Efolder_id=2534374306418048&PRODUCT%3C%3Eprd_id=845524446790552&R=887717643047&P_name=Theory&N=4294912273+306418048&bmUID=l1wmPUa è¿™ä¸ªäº²,0.0,1.0
151,1649283513.0,f,400,Wed Sep 23 20:41:28 +0800 2009,è¡¥åˆ°è´§äº†ï½Kate Spade WKRU2650 å°ç¾Šçš®è±æ ¼çº¹å¥³å£«å•è‚©åŒ…ï¼Œæ–œæŒåŒ…ï¼Œè“è‰²ï¼Œé™æ—¶æŠ˜ä¸ŠæŠ˜938ç¾å›½ç›´é‚®ç¾å›½ç›´é€åŒ…ç¨ï¼šhttp://t.cn/Ry1vvcZ,0.0,1.0
152,3217535201.0,f,400,Thu Jan 10 18:57:40 +0800 2013,å›å¤@å°è¥¿å¦¹_KSH: é“¾æ¥ http://t.cn/Ry1hk0G,0.0,1.0
153,1649283513.0,f,400,Wed Sep 23 20:41:28 +0800 2009,Kate spade WKRU2895/2816/3077å°å·è´å£³åŒ…å¥³å£«å•è‚©æ–œæŒåŒ…ï¼Œæœ‰é»‘ï¼Œçº¢ï¼Œé»‘ç™½ï¼Œè¥¿ç“œçº¢ï¼Œé™æ—¶æŠ˜æ‰£798å…ƒï¼ŒåŒ…å›½é™…è¿è´¹ï¼Œç¾å›½ç›´é‚®ï½,0.0,1.0
154,1649283513.0,f,400,Wed Sep 23 20:41:28 +0800 2009,åˆšå‡ºçš„æ–°è‰²ï½è“è‰²ï¼Œé¦™æ§Ÿé‡‘ï½Kate spade WKRU2895/2816/3077å°å·è´å£³åŒ…å¥³å£«å•è‚©æ–œæŒåŒ…ï¼Œé™æ—¶æŠ˜æ‰£798å…ƒï¼ŒåŒ…å›½é™…è¿è´¹ï¼Œç¾å›½ç›´é‚®ï½,0.0,1.0
155,1649283513.0,f,400,Wed Sep 23 20:41:28 +0800 2009,æ–°æ¬¾æŠ˜æ‰£ï½Kate spade WKRU3430 åå­—çº¹æ–¹æ‰£æ–œæŒåŒ… ï¼ŒåŸæ¥2256çš„å‡çº§æ–°æ¬¾ï¼Œé¢œè‰²æœ‰è“è‰²ï¼Œæ¨±èŠ±ç²‰ï¼Œç°ç™½æ‹¼ï¼Œé™æ—¶æŠ˜æ‰£628ç¾å›½ç›´é‚®åŒ…ç¨åˆ°æ‰‹,0.0,1.0
156,1649283513.0,f,400,Wed Sep 23 20:41:28 +0800 2009,æ–°æ¬¾æŠ˜æ‰£ï½Kate spade WKRU3430 åå­—çº¹æ–¹æ‰£æ–œæŒåŒ… ï¼ŒåŸæ¥2256çš„å‡çº§æ–°æ¬¾ï¼Œé¢œè‰²æœ‰è“è‰²ï¼Œæ¨±èŠ±ç²‰ï¼Œç°ç™½æ‹¼ï¼Œé™æ—¶æŠ˜æ‰£628ç¾å›½ç›´é‚®åŒ…ç¨åˆ°æ‰‹,0.0,1.0
157,1649283513.0,f,400,Wed Sep 23 20:41:28 +0800 2009,Kate spade 3110å°å·ä¿¡å°åŒ…ç§‹åƒåŒ…ï¼Œå…¨çš®ï¼Œé»‘ç™½æ‹¼è‰²ï¼Œè€³æœµå¯ä»¥æ”¶èµ·æ¥ï½830å…ƒï¼ŒåŒ…å›½é™…è¿è´¹ï¼Œç¾å›½ç›´é‚®ï½,0.0,1.0
158,1649283513.0,f,400,Wed Sep 23 20:41:28 +0800 2009,æ–°è‰²Kate Spadeï¼Œåå­—çº¹å…¨çš®å°å·æ€æ‰‹2462ï¼Œé™æ—¶æŠ˜æ‰£1189ç¾å›½ç›´é€åŒ…ç¨åˆ°æ‰‹ï¼Œå°ºå¯¸ï¼šåº•é•¿çº¦28cm * é«˜çº¦21cm * åº•åšçº¦10cmï¼Œä½†æ˜¯è¿™ä¸ªæ¬¾æ‰“æŠ˜å¾ˆéš¾å¾—ï¼æ•°é‡ä¸å¤šå‘€http://t.cn/Ry1zi3S,0.0,1.0
159,1649283513.0,f,400,Wed Sep 23 20:41:28 +0800 2009,Kate spade 3110å°å·ä¿¡å°åŒ…ç§‹åƒåŒ…ï¼Œå…¨çš®ï¼Œé»‘ç™½æ‹¼è‰²ï¼Œè€³æœµå¯ä»¥æ”¶èµ·æ¥ï½830å…ƒï¼ŒåŒ…å›½é™…è¿è´¹ï¼Œç¾å›½ç›´é‚®ï½http://t.cn/RLEgw9s,0.0,1.0
160,3217535201.0,f,400,Thu Jan 10 18:57:40 +0800 2013,å›å¤@Deertalksbala: ç»™äº²é“¾æ¥å“¦ http://t.cn/Ry1geGw,0.0,1.0
161,3481576475.0,f,31,Mon May 20 17:36:41 +0800 2013,å›å¤@ç‚¹ç‚¹zhou:ç½®é¡¶å¾®åšå®šé‡‘é“¾æ¥æ‹600ï¼Œå¤‡æ³¨mkä¸­å·suttonï¼ŒçŸ¢èŠè“ï¼Œ1618+é¡ºä¸°åˆ°ä»˜ï¼Œå¾®åšID,1.0,0.0
162,3481576475.0,f,31,Mon May 20 17:36:41 +0800 2013,MK ä¸­å·SUTTON æ€æ‰‹åŒ…ï¼Œå®šäº†ä¸ªå›¾1 çŸ¢è½¦èŠè“ï¼Œå¾ˆç¾æ»´é¢œè‰²ï¼Œä»·æ ¼ä¹Ÿç‚’é¸¡ç¾å¥½ï¼Œå–œé€Ÿ~~,1.0,0.0
163,3481576475.0,f,31,Mon May 20 17:36:41 +0800 2013,MK ä¸­å·SUTTONï¼Œæ€æ‰‹åŒ…ï¼Œå®šäº†ä¸ªé»‘è‰²ï¼Œè¿˜æœ‰ç¨€é¥­çš„é€Ÿåº¦å“¦ï¼Œå²ä½ä»·ï¼,1.0,0.0
164,2520303560.0,f,31,Mon Nov 07 21:32:03 +0800 2011,å®šäº†æ¬¾è¿™ä¸ªï¼Œ è¶…çº§åƒlv é‚£æ¬¾ä¸€ä¸‡å¤šçš„almaï¼Œ å“ˆï¼Œ mkè¿™ä¸ªéšä¾¿èƒŒä¸ªæ¬¾å¼ä¹Ÿæ˜¯è¶…åˆ’ç®—æ»´ #MICHAEL Michael Kors# mk å¤§å·è´å£³ åŒ…ï¼ŒCindy Large Dome Satchel,1.0,0.0
165,1893182213.0,f,400,Wed Dec 15 00:28:57 +0800 2010,#WatchHungerStop# ä¸–ç•Œç²®é£Ÿæ—¥ @MichaelKors,1.0,0.0
166,5234188880.0,f,400,Sun Jul 27 08:43:32 +0800 2014,å›å¤@BabyFace_CILEIR9:ä½ å¥½ç¾å›½å›½å†…åŒ…é‚®å“¦ é€çš„æ˜¯katespadeçš„ éƒ½æ˜¯æ­£ç‰ˆå£³å­ æ²¡æœ‰æ·˜å®é“¾æ¥å“¦,0.0,1.0
167,3232116644.0,f,33,Thu Mar 21 17:47:06 +0800 2013,å›å¤@Ccccassieeee:å¯èƒ½11æˆ–è€…12æœˆä»½å§ï¼Œä¸å¤ªç¡®å®šï¼Œksè¿™ç§é•¿æ¬¾é’±åŒ…ç»å¸¸æŸä¸ªè‰²å‡ºäº†ä¸‹æ¬¡å°±æ²¡æœ‰å†å‡ºäº†ã€‚é™¤äº†é»‘è‰²è¿™ç§å¿…æœ‰æ¬¾ä¼šä¸€ç›´æœ‰,0.0,1.0
168,2340175831.0,f,400,Fri Sep 02 22:37:56 +0800 2011,Michael....,1.0,0.0
169,1862607113.0,f,400,Sun Nov 14 19:05:56 +0800 2010,ä¹°å¾—èµ·rimowaçš„ä¸ºä»€ä¹ˆè¿˜ä¼šèƒŒmkçš„åŒ…ğŸ˜‚,1.0,0.0
170,1502752362.0,f,32,Mon Oct 25 21:51:30 +0800 2010,mkåŒè‚©åŒ…å¤§å·ä»·æ ¼ï¼Ÿ,1.0,0.0
171,1502752362.0,f,32,Mon Oct 25 21:51:30 +0800 2010,mkåŒè‚©åŒ…å¤§å·ä»·æ ¼ï¼Ÿ,1.0,0.0
172,1862607113.0,f,400,Sun Nov 14 19:05:56 +0800 2010,å›å¤@æ ¼é‡Œæ–¹Gary:ä¸ä¸æˆ‘çš„æ„æ€æ˜¯mké‚£ä¹ˆä¾¿å®œï¼Œè€Œä¸”åœ¨å›½å†…å£ç¢‘ä¹Ÿä¸å¥½ğŸ˜‚,1.0,0.0
173,3761363784.0,f,51,Sun Sep 01 17:35:25 +0800 2013,kså•è‚©åŒ…450,0.0,1.0
174,1750172502.0,f,400,Thu Jun 03 07:35:24 +0800 2010,Kate Spade Woodland æ··ç¾Šæ¯›ç™¾æ­é»‘ç™½æ ¼å­åŠè£™ï¼šhttp://t.cn/RyDLkcY,0.0,1.0
175,2240640037.0,f,22,Mon Jul 11 21:51:43 +0800 2011,å›å¤@å…”å…”babe-3:æˆ‘ä¸åˆ·mkå®˜ç½‘å“‡ï¼Œæˆ‘å°±è½¬ä¸ªè‡ªå·±çš„é”å¤´åŒ…ï¼Œä½ å¯ä»¥é—®é—®å…¶ä»–äººçœ‹,1.0,0.0
176,1169020221.0,f,400,Wed Jan 19 02:19:31 +0800 2011,T-shirtæ˜¯é™é‡ç‰ˆè¿˜æ˜¯åœ¨MKçš„åº—é‡Œå°±èƒ½ä¹°åˆ°[ç–‘é—®],1.0,0.0
177,3473679810.0,f,400,Fri May 17 18:20:33 +0800 2013,é™¤äº†æ´æ´é‹å…¶ä»–ä¹°è¿‡çš„ç‰Œå­éƒ½ç£¨è„šâ€¦è¦ä¸è¦å°è¯•ä¸‹MKçš„é‹å‘¢[doge],1.0,0.0
178,3905562835.0,f,100,Sun Nov 17 11:50:32 +0800 2013,ç°è‰²kså¤šå°‘,0.0,1.0
179,5238547449.0,f,400,Fri Aug 01 17:58:24 +0800 2014,mk mk[æ‚²å‚·],1.0,0.0
180,5198092116.0,f,100,Sun Jun 29 15:15:28 +0800 2014,å›å¤@sauiråŒ—ç¾ä»£è´­:æ±‚è´­åŒæ‹‰é“¾æ€æ‰‹åŒ…å•Šï¼Œkatespadeçš„,0.0,1.0
181,1737426093.0,f,44,Mon May 03 21:19:24 +0800 2010,ä»€éº¼æ™‚å€™å†å»mkåº—ï¼Ÿ,1.0,0.0
182,5014862797.0,m,11,Wed Jan 29 21:27:03 +0800 2014,æ˜å¤©æˆ‘ä»¬å°†éšæœºé€å‡º6ä»¶åŒæ¬¾ç»™å‚åŠ æœ¬æ¬¡æ´»åŠ¨çš„MKå®¢æˆ·[ç¬‘cry][ç¬‘cry][ç¬‘cry][è€¶],1.0,0.0
183,2520303560.0,f,31,Mon Nov 07 21:32:03 +0800 2011,åˆå®šäº†ä¸ª //@å°é£é±¼æ¬§ç¾ä»£è´­: å®šäº†æ¬¾è¿™ä¸ªï¼Œ è¶…çº§åƒlv é‚£æ¬¾ä¸€ä¸‡å¤šçš„almaï¼Œ å“ˆï¼Œ mkè¿™ä¸ªéšä¾¿èƒŒä¸ªæ¬¾å¼ä¹Ÿæ˜¯è¶…åˆ’ç®—æ»´ #MICHAEL Michael Kors# mk å¤§å·è´å£³ åŒ…ï¼ŒCindy Large Dome Satchel,1.0,0.0
184,1767952275.0,f,11,Thu Aug 15 09:47:54 +0800 2013,"kate spade,ä¸€ä¸ªå¤§å†™çš„ä¸‘",0.0,1.0
185,1748992004.0,f,45,Mon May 31 16:24:48 +0800 2010,kateğŸ˜ ç¾å›½ä»£è´­[è€¶],0.0,1.0
186,1659834090.0,f,400,Tue Nov 10 14:00:44 +0800 2009,å›å¤@å¿ƒå¡åˆ°ä¸–ç•Œå°½å¤´:ç¾å›½KSç›´æ’­ä»£è´­,0.0,1.0
187,1821821280.0,f,31,Sat Sep 18 23:43:28 +0800 2010,æ±‚ksçš„ç‰›å¥¶ç›’åŒ…åŒ…[å®³ç¾],0.0,1.0
188,1829182047.0,f,100,Tue Oct 12 23:51:28 +0800 2010,äº²  å¯ä»¥æ‰¾æ‰¾ Kate Spadeçš„ æœ‰æ¬¾é¸Ÿç¬¼åŒ…åŒ…å˜›,0.0,1.0
189,1829182047.0,f,100,Tue Oct 12 23:51:28 +0800 2010,æ±‚ä»£ksé¸Ÿç¬¼åŒ…,0.0,1.0
190,2726272555.0,f,11,Wed Apr 18 07:45:10 +0800 2012,å›å¤@å‰æ‹‰çŒ«å­:å¥½å•Š ä¸€å®šæ˜¯æ­£ç‰ˆå§  KSçš„è¿˜é€ä¹ˆ[å®³ç¾],0.0,1.0
191,2196454863.0,f,33,Fri Jun 24 12:48:50 +0800 2011,kate spadeè¿™ä¸ªåŒ…åŒ…å«ä»€ä¹ˆå‘€[æ³ª]ï¼Œæ‰¾äº†å¥½ä¹…æ²¡æ‰¾åˆ°,0.0,1.0
192,1811061014.0,f,31,Sat Sep 11 20:57:21 +0800 2010,å›å¤@BYmfm:Kate Spade Ivy Place Gabriella å…¨ååº”è¯¥æ˜¯è¿™ä¸ª,0.0,1.0
193,2495502810.0,f,100,Wed Oct 26 19:42:49 +0800 2011,åˆšåˆšåˆ°æ‰‹KSè€³æœµåŒ…ï¼Œå†æ¥ä¸ªé’±å¤¹å°±å®Œç¾äº†ã€‚@æ¨è•Šè¡sissi [çˆ±ä½ ] http://t.cn/RUGnfz4,0.0,1.0
194,3731325994.0,f,100,Tue Aug 20 12:20:37 +0800 2013,è¶…å–œæ¬¢KSçš„åŒ…åŒ…ï¼ï¼ï¼@Hahani-è´¤,0.0,1.0
195,2812842412.0,f,35,Fri May 25 12:41:01 +0800 2012,Kate SpadeåŒ…åŒ…éƒ½å¾ˆå¥½çœ‹ï¼Œå¥½å°‘å¥³ã€‚@é£7iyo7,0.0,1.0
196,5177089944.0,f,11,Thu Jun 12 14:49:01 +0800 2014,#katespadeæƒŠå–œç‰¹å–ä¼š#è·ç¦»æ´»åŠ¨ç»“æŸè¿˜æœ‰å‡ ä¸ªå°æ—¶å•¦ï¼å°ç¼–éƒ½æ›¿ä½ æ‰æ€¥(è®¤çœŸè„¸ï¼é”™è¿‡è¿™æ¬¡çœŸçš„æ˜¯ç­‰åŠå¹´å“¦~ä¸€é”®æµ·æ·˜ä¹°ä¹°ä¹°>>http://t.cn/RU4pcit,0.0,1.0
197,5476358724.0,f,11,Tue Jan 13 14:03:13 +0800 2015,#katespadeæƒŠå–œç‰¹å–ä¼š#è¿™ä¸ªä»·æ ¼å¤ªé€†å¤©ï¼è¿ç‰¹ä»·å›éƒ½å¿ä¸ä½å‰æ‰‹ä¹°äº†2ä¸ªâ€¦â€¦[ç¬‘cry],0.0,1.0
